index,y_pred
0,0.9122056316589419
1,0.26022529181445586
2,0.27696842300509517
3,0.256861692742836
4,0.20699980943827864
5,0.20593195569743147
6,0.5248917022949027
7,0.22607937346831794
8,0.21462942317480352
9,0.8198768253061488
10,0.20614000527763682
11,0.25152760485674763
12,0.21070096134877483
13,0.2284303556720949
14,0.16495460156831496
15,0.2462905066388622
16,0.1826014369732229
17,0.8453540356534518
18,0.2520409399495689
19,0.21397853358150726
20,0.23492070399044515
21,0.21508315727270041
22,0.9448436922909801
23,0.6022253925986036
24,0.11223353081408874
25,0.2546387086234054
26,0.9067100324875182
27,0.2785972685019294
28,0.09139143252962612
29,0.1796849590016321
30,0.9331171380960385
31,0.09479229263536657
32,0.1826014369732229
33,0.2163573753488937
34,0.21584015959840075
35,0.23975339627352255
36,0.20761405777414518
37,0.22811278447698297
38,0.20617619839450055
39,0.21505258962683108
40,0.1826014369732229
41,0.1960465736294648
42,0.6058679416379963
43,0.6100493065976896
44,0.2701493536518204
45,0.2568121245824171
46,0.21070096134877483
47,0.08628144755212998
48,0.49808600438328615
49,0.2624490253929634
50,0.20563801838537513
51,0.21464350974612037
52,0.09471123740277322
53,0.2675436921648642
54,0.9318093043490963
55,0.2484102252841481
56,0.9111022667417213
57,0.21919645903774237
58,0.22297753650469163
59,0.26489814905254977
60,0.40884486407657056
61,0.22811278447698297
62,0.9382982626282643
63,0.2039320153890224
64,0.9089130493679796
65,0.9368076096343988
66,0.2836927201458562
67,0.19714988215751306
68,0.22935973042381452
69,0.20521260050765563
70,0.266698028380833
71,0.2070530872457478
72,0.2858475116154842
73,0.2166872397843264
74,0.22820718510923704
75,0.9132225971424855
76,0.9406574864196909
77,0.3157861551085182
78,0.16389511443370916
79,0.32339816387546416
80,0.9572746009116915
81,0.24646373754596798
82,0.29095592314145247
83,0.2464617635816294
84,0.22121046042125062
85,0.20563801838537513
86,0.08525811401663451
87,0.17425834886565317
88,0.23220549246735525
89,0.2222914319181354
90,0.5739002258933159
91,0.20817201968460328
92,0.09139143252962612
93,0.09201761005830861
94,0.5580285939541793
95,0.9373434409079706
96,0.21443546016591503
97,0.20599306666542494
98,0.945445492075345
99,0.2045348535943661
100,0.09201761005830861
101,0.8600614612438281
102,0.23707181379574496
103,0.9014680016991222
104,0.23534814547107052
105,0.09479229263536657
106,0.2785972685019294
107,0.23238960770902695
108,0.19528931821759665
109,0.0984258658911166
110,0.21746461543166556
111,0.20473859918484574
112,0.17495591641092914
113,0.27526346441980676
114,0.22531111785982366
115,0.24507448413568264
116,0.1779641353101416
117,0.9454898672960032
118,0.18865408153472288
119,0.25025850701871555
120,0.9061467289612577
121,0.9212606687144008
122,0.19357341058713418
123,0.2593795253066522
124,0.21589933845921214
125,0.17394555573079068
126,0.2608614329117203
127,0.08525811401663451
128,0.256861692742836
129,0.20772736055291313
130,0.22801145216530241
131,0.5804099791174777
132,0.9120710729397482
133,0.2736493677320973
134,0.09681961490833257
135,0.21307264130055406
136,0.21900524123236803
137,0.22146959649157302
138,0.3052287020016701
139,0.22801145216530241
140,0.24783844146424897
141,0.2836927201458562
142,0.25756229825190696
143,0.22765699712064683
144,0.20761405777414518
145,0.9304589541334457
146,0.3007111040410219
147,0.2066276693680283
148,0.8619289976039223
149,0.23659952771297876
150,0.20563801838537513
151,0.2858475116154842
152,0.2757457212129498
153,0.26524957655651793
154,0.25756229825190696
155,0.22261508774918043
156,0.255785977706564
157,0.20485507790547647
158,0.21779471573159176
159,0.6127023795784868
160,0.9424375801332774
161,0.6825664160891356
162,0.24648558968031198
163,0.8977897259314652
164,0.10589309307907152
165,0.21307264130055406
166,0.2048769888896428
167,0.5780685556123577
168,0.2186365997810929
169,0.20723032513225512
170,0.20575690459755797
171,0.22421849946852332
172,0.21369273904356728
173,0.24604803220678
174,0.07734043482912578
175,0.6946867785246982
176,0.20468314907860827
177,0.19160177253773794
178,0.24648558968031198
179,0.6039089843790238
180,0.9350576307519353
181,0.9351312864414288
182,0.21398853807988483
183,0.3053775864466424
184,0.6011854061888076
185,0.2334430085713685
186,0.09681961490833257
187,0.9101904815093202
188,0.2048769888896428
189,0.3747813510837761
190,0.27526346441980676
191,0.22190371914810952
192,0.1968906049386573
193,0.9061467289612577
194,0.1953517523579347
195,0.3802917776495241
196,0.10611905836728928
197,0.28295355820917983
198,0.16389511443370916
199,0.5770888654599952
200,0.9548249911004171
201,0.24681963407541901
202,0.4173330621638106
203,0.08628144755212998
204,0.28289586793942223
205,0.2409148799602078
206,0.20956344794630688
207,0.21070096134877483
208,0.21398853807988483
209,0.25366682656540657
210,0.2785972685019294
211,0.21037807168220016
212,0.22862643418854176
213,0.9036257612108839
214,0.11101045678911405
215,0.5248917022949027
216,0.2329697817448317
217,0.22557760762670792
218,0.24697679539188025
219,0.9216190885667225
220,0.20563801838537513
221,0.925160089432514
222,0.20614000527763682
223,0.17394555573079068
224,0.25366682656540657
225,0.21261484186197402
226,0.9060170250154368
227,0.23971308751701173
228,0.8382949723782922
229,0.22969975260573083
230,0.9082543727739122
231,0.9132225971424855
232,0.2687071466081083
233,0.1963892142037201
234,0.21398853807988483
235,0.9572746009116915
236,0.20563801838537513
237,0.23556730683489752
238,0.653092367121511
239,0.2077187560706402
240,0.2138117130915916
241,0.28440449429494374
242,0.07734043482912578
243,0.23162279578069514
244,0.5944632169201547
245,0.5794665274996483
246,0.2334430085713685
247,0.29403348425611014
248,0.2282750020283604
249,0.24312987226430133
250,0.21464350974612037
251,0.21464350974612037
252,0.23599180743593276
253,0.23938034116567541
254,0.29035790599649536
255,0.09291010954155911
256,0.9406574864196909
257,0.200491008173862
258,0.24904769929098008
259,0.20473859918484574
260,0.08030031245478868
261,0.1999642523429433
262,0.584793734099318
263,0.9071575281974689
264,0.23017833317507125
265,0.21677406123900705
266,0.284326583803698
267,0.16520033818105
268,0.26100595319742986
269,0.9424375801332774
270,0.28128536091930384
271,0.3822322573388023
272,0.21900524123236803
273,0.21549613738762896
274,0.6737298848415132
275,0.1970382357884897
276,0.2329697817448317
277,0.21218227455853314
278,0.20956344794630688
279,0.23162279578069514
280,0.947397115028887
281,0.2682745878348853
282,0.2074604021540999
283,0.0894262892595864
284,0.6667103894194372
285,0.2066276693680283
286,0.265746590508101
287,0.19583294904583978
288,0.8458105692762646
289,0.22017607633050967
290,0.22559564151461914
291,0.2287465787957432
292,0.27798546811737057
293,0.23858402240142865
294,0.39204288793861103
295,0.20904448026660866
296,0.23534814547107052
297,0.31046624391333144
298,0.222566068475404
299,0.20424399350681233
300,0.20512352267088213
301,0.9424375801332774
302,0.9424375801332774
303,0.9448436922909801
304,0.1899076843478611
305,0.21462942317480352
306,0.2275881394977331
307,0.8382949723782922
308,0.9552584163428834
309,0.23321816187056313
310,0.2066276693680283
311,0.11038430040017734
312,0.9188514540536149
313,0.20485507790547647
314,0.2066276693680283
315,0.1970382357884897
316,0.21307264130055406
317,0.23042491744173463
318,0.08816927214506992
319,0.14789017242165298
320,0.2678951196688323
321,0.3802917776495241
322,0.9250886759842217
323,0.19045145848108905
324,0.26248613066146365
325,0.30246175115275836
326,0.2599226940304449
327,0.18370591496246777
328,0.9212075185296433
329,0.2050644060675795
330,0.8804142409211868
331,0.2315123527325816
332,0.7324123493877575
333,0.2029358206321211
334,0.2471436651981401
335,0.26197531083762354
336,0.22588818380338982
337,0.09201761005830861
338,0.8547093174253767
339,0.8458105692762646
340,0.0931872859867002
341,0.20956344794630688
342,0.20723032513225512
343,0.20794261020670432
344,0.08628144755212998
345,0.23669284713690525
346,0.41983450436527153
347,0.26270070686455527
348,0.24787265620349094
349,0.2642971754547704
350,0.24787265620349094
351,0.265746590508101
352,0.20521260050765563
353,0.14520951605986454
354,0.08030031245478868
355,0.20235137177408405
356,0.20236264614341665
357,0.14188657211091021
358,0.2665483640955528
359,0.08030031245478868
360,0.24108491776144356
361,0.24697679539188025
362,0.23736830565373035
363,0.45683067577770664
364,0.7761555878280216
365,0.20902846022583843
366,0.19170303323518662
367,0.23884556536430873
368,0.22243727997695226
369,0.24326150597872032
370,0.31453194396015843
371,0.20407294153593034
372,0.23534814547107052
373,0.11802538175380188
374,0.9501225107068464
375,0.10589309307907152
376,0.2315123527325816
377,0.9460380442468043
378,0.8642391512948367
379,0.8382949723782922
380,0.9387561606345134
381,0.27526346441980676
382,0.23094318866538913
383,0.2186365997810929
384,0.9548249911004171
385,0.9111022667417213
386,0.2535911571825791
387,0.20575690459755797
388,0.17628866074337962
389,0.21240740691915477
390,0.2334194671367902
391,0.8699919251003574
392,0.16495460156831496
393,0.19628121671605414
394,0.2865641510543518
395,0.11141354020582071
396,0.20839341639937894
397,0.2375144534583366
398,0.34232633405219126
399,0.1960465736294648
400,0.2682241278711555
401,0.20473859918484574
402,0.2278970696004683
403,0.22297753650469163
404,0.17071428372390363
405,0.9191226494238844
406,0.4093084593704205
407,0.23546373332815737
408,0.22329429012041316
409,0.22696671395223775
410,0.1796849590016321
411,0.17779110505880868
412,0.26669951892447563
413,0.25207626982881504
414,0.23546373332815737
415,0.9384654945102856
416,0.1909704040810072
417,0.20614000527763682
418,0.0922983969406891
419,0.2634273571043142
420,0.7465410452480992
421,0.23656222126934875
422,0.2566295682214267
423,0.2595021212145161
424,0.2050644060675795
425,0.22115062150959847
426,0.2334194671367902
427,0.9120710729397482
428,0.09139143252962612
429,0.19714988215751306
430,0.07734043482912578
431,0.23656222126934875
432,0.21419609725858724
433,0.24944170436666432
434,0.1798705219668665
435,0.9460380442468043
436,0.22893000766569016
437,0.9322711059351481
438,0.19583945459578286
439,0.2481409766056182
440,0.24893088934528707
441,0.24890360271429424
442,0.2018596701721747
443,0.845195546797206
444,0.5536077113586648
445,0.9252219699296556
446,0.3942921458172627
447,0.8954235607967169
448,0.2389493956971971
449,0.9531605267910631
450,0.21919645903774237
451,0.20496932172067894
452,0.23039655828042632
453,0.9111022667417213
454,0.2629302955543485
455,0.4971697015775993
456,0.22064713125417054
457,0.654521796269413
458,0.6286893003075815
459,0.3634839675583524
460,0.20545558961761057
461,0.8485240088615073
462,0.6975664864992971
463,0.26252948324780667
464,0.31397802431578964
465,0.20726265125945717
466,0.2858475116154842
467,0.260071682075991
468,0.24108491776144356
469,0.09139143252962612
470,0.17071428372390363
471,0.284326583803698
472,0.25488394056660263
473,0.19710071343461827
474,0.22121046042125062
475,0.3047848668834766
476,0.2387047886190388
477,0.08858073308719197
478,0.2405895610722143
479,0.21070096134877483
480,0.2092658769813843
481,0.2218448727805294
482,0.923067099166345
483,0.27250225199276124
484,0.9423427537008063
485,0.26467576840768325
486,0.9463644685262755
487,0.23736830565373035
488,0.22123762533890703
489,0.2451325694461669
490,0.19528931821759665
491,0.9320349920102999
492,0.6788240060285885
493,0.2462905066388622
494,0.6530935057433627
495,0.23656222126934875
