ID,pred
8010,0.5162967285420956
8011,0.60019769079571
8012,0.5189165769256964
8013,0.5376510921368993
8014,0.5056927777950071
8015,0.5545171152541439
8016,0.5270918773547111
8017,0.5170385912453752
8018,0.5782962948765678
8019,0.5787432288925698
8020,0.5338685503917231
8021,0.5474429797070302
8022,0.5156479342260722
8023,0.4948174981258583
8024,0.5485556505621428
8025,0.5196133058350755
8026,0.5330060606299989
8027,0.6521188525041314
8028,0.5089474894227253
8029,0.495477848812454
8030,0.5021021737215848
8031,0.5435006110975148
8032,0.512857868214529
8033,0.5522533187358005
8034,0.5390729905293972
8035,0.5271629957163088
8036,0.6148495794808837
8037,0.5072083740105541
8038,0.553319139659802
8039,0.5130762209842159
8040,0.5602829161358595
8041,0.5865383639370126
8042,0.4818663372640058
8043,0.5654130240736044
8044,0.786062531822639
8045,0.5242063342321355
8046,0.4951575479371512
8047,0.49420246592988715
8048,0.5175213589227959
8049,0.5187414590172685
8050,0.8538861420160595
8051,0.48393805406308393
8052,0.5077517491854788
8053,0.5085015212880905
8054,0.5115925171132816
8055,0.5126750324076977
8056,0.4153858340209757
8057,0.48048282314606905
8058,0.4304324977925568
8059,0.4690034394723418
8060,0.41761986957600306
8061,0.45238554457698255
8062,0.4403618694572218
8063,0.41702231322507277
8064,0.4163245789207183
8065,0.45634218994842607
8066,0.5455816034578055
8067,0.43142856738549906
8068,0.4334989470806071
8069,0.457711020092312
8070,0.42376475460463797
8071,0.47436452229050563
8072,0.4486950907107595
8073,0.5103440100000569
8074,0.43816786365526
8075,0.4187166955137748
8076,0.40125756764153236
8077,0.42582132020197955
8078,0.4256255517617437
8079,0.4206676298155216
8080,0.480905980120201
8081,0.473042702698489
8082,0.4555626613078231
8083,0.4840971431022076
8084,0.4519028242885999
8085,0.44386005150972
8086,0.4513983810937553
8087,0.4696012062039779
8088,0.4187287530795074
8089,0.4716172402452614
8090,0.4762949004958596
8091,0.4604137883865503
8092,0.44934361774186243
8093,0.46857894499773195
8094,0.46984495788914915
8095,0.45098263413758405
8096,0.47162367985944215
8097,0.4685631262657913
8098,0.4543529404572144
8099,0.4663701584680291
8100,0.48284204447666895
8101,0.39724779269591387
8102,0.4103572479287278
8103,0.43456560247884257
8104,0.41769701240010537
8105,0.42135186270314956
8106,0.43258292987946717
8107,0.45437813785812775
8108,0.4359415013342358
8109,0.4368066505588503
8110,0.4103138233397397
8111,0.4514651295610886
8112,0.4270548055113506
8113,0.4571076119908717
8114,0.6302600493320096
8115,0.4238053789267265
8116,0.41917425181648155
8117,0.44682846669772924
8118,0.40383967993819225
8119,0.4218996104682835
8120,0.4119417292918422
8121,0.40906647769789994
8122,0.40865059480723254
8123,0.45067327356957093
8124,0.43060057702946514
8125,0.4632674247316181
8126,0.44483046057860615
8127,0.4275067804887291
8128,0.4419305171055689
8129,0.44040426361721563
8130,0.41417595151804554
8131,0.4383121641425041
8132,0.4727727726911146
8133,0.42772291069786494
8134,0.43576845228993805
8135,0.4359949305041898
8136,0.4029023195634719
8137,0.42448821096755346
8138,0.4458414664914711
8139,0.45485533515153653
8140,0.4080755335137178
8141,0.43073284917419097
8142,0.4678533888471117
8143,0.44065554122340667
8144,0.4322638812057262
8145,0.46174144954665475
8146,0.4632002139375064
8147,0.44240042988441464
8148,0.43113881166381113
8149,0.40324632097808244
8150,0.4550553674993209
8151,0.41862570271334293
8152,0.41890769542662265
8153,0.46984250803223465
8154,0.475867167937111
8155,0.49857652122834833
8156,0.42683455050755703
8157,0.4377887515220423
8158,0.41596519523191
8159,0.42927407151212227
8160,0.38451426103643516
8161,0.41710647017842367
8162,0.45800496439660254
8163,0.43450646168599294
8164,0.4439122715909991
8165,0.41662690398878965
8166,0.44813882646382325
8167,0.42930796326285936
8168,0.4135752981907955
8169,0.434057864551193
8170,0.4449278030417276
8171,0.4108364461765468
8172,0.41216461489121475
8173,0.4533361646200643
8174,0.41004311594113824
8175,0.41876703453263586
8176,0.41644662126874055
8177,0.45839349573929117
8178,0.4625572691361206
8179,0.4328884469006637
8180,0.4363492028938454
8181,0.3916342220942694
8182,0.43108110260873417
8183,0.42770286621993064
8184,0.46014346678074153
8185,0.40425858885722143
8186,0.43824817543203975
8187,0.39814518217568523
8188,0.422151573678747
8189,0.43360827376860356
8190,0.44237967568202446
8191,0.4247997300295225
8192,0.45505253974044546
8193,0.46635263822186757
8194,0.41623639417796543
8195,0.4700544852689695
8196,0.42803283966434047
8197,0.42363979174670763
8198,0.43882060659825783
8199,0.5175550109143711
8200,0.44799526145681057
8201,0.44075266735827234
8202,0.4104895445767768
8203,0.41981909538823425
8204,0.5031633365028588
8205,0.41250606502641246
8206,0.546570519388243
8207,0.4238930918329793
8208,0.4200545730093673
8209,0.4694885682239183
8210,0.43281167945880084
8211,0.41097691308240036
8212,0.416008689846133
8213,0.41823334793716316
8214,0.4174565371671107
8215,0.41837672403132325
8216,0.4526438840378178
8217,0.5281258043188316
8218,0.4960460129108561
8219,0.44896913651201675
8220,0.5796605222863631
8221,0.47476806032854074
8222,0.460301381055242
8223,0.4518287735447947
8224,0.4307602889155664
8225,0.4636232116002237
8226,0.4903478014501127
8227,0.528182273680488
8228,0.44584297601885836
8229,0.454400412868036
8230,0.46763484384020976
8231,0.49725681400722893
8232,0.4710708674720561
8233,0.4585408799523833
8234,0.4149395881982662
8235,0.4853638356918471
8236,0.45255188140051156
8237,0.47606864379295494
8238,0.4247646587207152
8239,0.49827779369036596
8240,0.4157194476027342
8241,0.36277157724223114
8242,0.4050194328418087
8243,0.45814151253284535
8244,0.42781410488648525
8245,0.3961510290002206
8246,0.39930421908287445
8247,0.440015029723298
8248,0.40280399948805373
8249,0.41449518955845177
8250,0.4013656701212865
8251,0.41218082048956173
8252,0.4291680406322217
8253,0.43148972261288937
8254,0.4545799521529419
8255,0.4425388667902786
8256,0.5396266484132993
8257,0.5503175581811309
8258,0.5250667647702321
8259,0.5654258081598991
8260,0.5270933177514329
8261,0.5184292125979236
8262,0.5706719923252388
8263,0.5990971348701398
8264,0.4985432227852788
8265,0.49862098507896807
8266,0.5220901750916572
8267,0.5192016335972282
8268,0.5501174864438114
8269,0.4971633582893995
8270,0.5290440918374962
8271,0.6398997851407963
8272,0.5196918148348083
8273,0.5491222333075079
8274,0.4905532513638217
8275,0.4156651552194193
8276,0.462056281814558
8277,0.42182241674677634
8278,0.4263181426485173
8279,0.403745793981537
8280,0.43176738412149923
8281,0.4813074387282944
8282,0.4509417410940342
8283,0.39956552291912534
8284,0.4414511316614261
8285,0.47248531279722145
8286,0.4013091531679966
8287,0.4867522321808833
8288,0.4577441952891307
8289,0.4598408286557175
8290,0.4262590178597309
8291,0.39746279011610913
8292,0.4070748446490181
8293,0.44239353774188195
8294,0.4419686325526852
8295,0.39028030249034057
8296,0.412138265121723
8297,0.43402246443733666
8298,0.41500081115519083
8299,0.4220411239817855
8300,0.4151061336292
8301,0.41699370088647036
8302,0.47080855025783636
8303,0.4456083792871608
8304,0.45962780127599123
8305,0.4505384572672076
8306,0.5363826680555257
8307,0.5209566724677267
8308,0.49484637521881686
8309,0.5714019202688629
8310,0.5185153440443375
8311,0.501944938265856
8312,0.5501259445579134
8313,0.5839291238046496
8314,0.5436456335366143
8315,0.4938691080320282
8316,0.522054415799966
8317,0.5085935713555522
8318,0.5175503258322363
8319,0.49533618248262745
8320,0.5307630550835133
8321,0.5209144914588545
8322,0.5044337673436906
8323,0.5356072842157465
8324,0.531274928437695
8325,0.5511416956934523
8326,0.5191850985431186
8327,0.5970074149501126
8328,0.5282127938104176
8329,0.5886512690566853
8330,0.5535170375504989
8331,0.45341302657843996
8332,0.4901751679472701
8333,0.49978967182955797
8334,0.5595238324735845
8335,0.4581046076934987
8336,0.5487660490063068
8337,0.5942899096706483
8338,0.5115586472952697
8339,0.575585786070486
8340,0.49856980305144855
8341,0.5289626006090196
8342,0.4811452854764228
8343,0.48085282240216554
8344,0.6064641068454557
8345,0.4720603426385106
8346,0.5644216967546151
8347,0.5157894573056653
8348,0.45856481163810586
8349,0.44767956008802545
8350,0.5139009565555209
8351,0.4709876608179158
8352,0.484389689885444
8353,0.46802997393034546
8354,0.465049816368065
8355,0.4581034897995426
8356,0.5761436172395716
8357,0.5329939085830679
8358,0.5407698645751413
8359,0.5136981136917139
8360,0.4959185979825331
8361,0.5467431646122606
8362,0.5703364119916488
8363,0.4942756543585859
8364,0.5351651229456456
8365,0.5390637735504304
8366,0.5291326064342357
8367,0.4421211772842808
8368,0.4723188759833131
8369,0.4527753811865265
8370,0.43847097993167433
8371,0.46102644083914773
8372,0.4881783207003863
8373,0.4478721584724666
8374,0.4669884744171002
8375,0.41061396669821126
8376,0.46087061459846707
8377,0.46420935512347594
8378,0.4085608293229921
8379,0.4621230884203995
8380,0.41959636858753463
8381,0.4557962573439851
8382,0.4393273506769599
8383,0.4128968249867898
8384,0.4343388547081514
8385,0.40849980100574884
8386,0.434922220023655
8387,0.454173902441763
8388,0.4138212935321899
8389,0.42953733697412416
8390,0.4165762459595755
8391,0.3918464768988564
8392,0.4250344917073909
8393,0.48508472001668546
8394,0.46816280336949445
8395,0.4384961606681378
8396,0.39982686382048377
8397,0.4315921878521828
8398,0.4044479812533026
8399,0.469915960613022
8400,0.46252323692951625
8401,0.4145026342227151
8402,0.4276466194913484
8403,0.3924517984305517
8404,0.43963828943766975
8405,0.410288675025922
8406,0.4554442234604745
8407,0.4347741436889471
8408,0.6018333904144593
8409,0.4045143445510809
8410,0.40209186541254494
8411,0.4649196707996309
8412,0.40628433213656134
8413,0.46119233545868044
8414,0.4580954762851301
8415,0.40826544541834386
8416,0.4245372193253722
8417,0.4023552688546057
8418,0.39413236349851194
8419,0.4445144836346199
8420,0.40703480444568546
8421,0.44535678957135577
8422,0.41484453210360367
8423,0.4239488606019897
8424,0.4266102459432431
8425,0.41522732848739513
8426,0.4085672499287674
8427,0.43712861713247175
8428,0.5124997562928917
8429,0.43497995271367634
8430,0.39527177359365956
8431,0.4288590906103319
8432,0.5456771388025394
8433,0.3914379578535175
8434,0.4512393737474761
8435,0.42207388360415143
8436,0.4272343863938358
8437,0.43686149124174256
8438,0.45597809075407614
8439,0.46781279475736914
8440,0.4214001811710116
8441,0.43327457555914595
8442,0.4717834875541801
8443,0.4828881211259034
8444,0.5172657287025985
8445,0.48455470810319384
8446,0.4246485378152704
8447,0.4040011559703879
8448,0.4093161897808835
8449,0.47248549411522445
8450,0.4651584775985401
8451,0.4114233933814837
8452,0.43345713398229535
8453,0.4224098880603085
8454,0.44989204204195554
8455,0.4290962845503621
8456,0.44702291303939334
8457,0.44048042204796684
8458,0.4406412106925496
8459,0.41407583292873573
8460,0.46295739763414334
8461,0.41095548857187847
8462,0.4420757567110661
8463,0.41563251716798744
8464,0.39415605815889726
8465,0.44898340137373516
8466,0.40738473100767286
8467,0.42117092480592294
8468,0.44871585350346643
8469,0.41161112190969856
8470,0.42500707184622666
8471,0.4193168907420733
8472,0.44604193752931404
8473,0.4427984807065322
8474,0.46325326579459253
8475,0.43094328183828373
8476,0.44026186932820793
8477,0.45354990897033526
8478,0.46292696662299765
8479,0.46123280627526303
8480,0.5380528358424268
8481,0.4295575496412007
8482,0.419163009750571
8483,0.4486557856983067
8484,0.4203950033572772
8485,0.48495726238737047
8486,0.4390075761551305
8487,0.41388160291956566
8488,0.4009388777979696
8489,0.45221971840837405
8490,0.47557375378857536
8491,0.442072820244244
8492,0.5034334847834796
8493,0.436104384680156
8494,0.4666029361075414
8495,0.4954837940592411
8496,0.46252617222312276
8497,0.4630979968564413
8498,0.47037598827127963
8499,0.49147801336689734
8500,0.4916483100447246
8501,0.44403266077127485
8502,0.4814617654056637
8503,0.45820466949719707
8504,0.44393712702591287
8505,0.43860346076479767
8506,0.46796915704855163
8507,0.46019323341996315
8508,0.4592730558118599
8509,0.4737911681029367
8510,0.4740500638465898
8511,0.465713378857396
8512,0.4368204664284108
8513,0.43891801275110726
8514,0.46241558252745896
8515,0.4071030338553769
8516,0.41225313101660116
8517,0.41840381490914624
8518,0.4081430000811248
8519,0.43299707381393454
8520,0.43116782718637797
8521,0.7144666690733845
8522,0.4063450173409878
8523,0.4421629450309555
8524,0.4265733327558015
8525,0.43593696307085267
8526,0.4006910995889166
8527,0.4448640300502884
8528,0.42478563561684024
8529,0.4384224531308269
8530,0.44908837469866725
8531,0.43237723542620715
8532,0.43724388043031764
8533,0.43438844295531576
8534,0.4485301513163903
8535,0.3841963727543836
8536,0.405800770773694
8537,0.4407745628139825
8538,0.4218752166132119
8539,0.5231649521619364
8540,0.42414056102265535
8541,0.3976600611292542
8542,0.3693547668676932
8543,0.4437255209864222
8544,0.42421742676827695
8545,0.4163421660659887
8546,0.4551748330035009
8547,0.4376913365618294
8548,0.43604234860832736
8549,0.5586672303044635
8550,0.5281976630406326
8551,0.5820254051553501
8552,0.521827648006743
8553,0.604123539351813
8554,0.549777545100697
8555,0.5211577818260587
8556,0.5262554937898166
8557,0.5347240880804821
8558,0.5558516295383629
8559,0.493027452422594
8560,0.5560868633146229
8561,0.5978757593355156
8562,0.5179812206099257
8563,0.5813660670086155
8564,0.4105665749037666
8565,0.40870227479641313
8566,0.4225536062036372
8567,0.4461395173943101
8568,0.40587049029382094
8569,0.4271645025536942
8570,0.42584333864904655
8571,0.39515975365096745
8572,0.45769122775129906
8573,0.4343746171897792
8574,0.42827506839509033
8575,0.42124273297914533
8576,0.4365342308672307
8577,0.4068247280468895
8578,0.45757906490871664
8579,0.45836312909436094
8580,0.4191660355592354
8581,0.4319195261941501
8582,0.4380911055184002
8583,0.45855210019451637
8584,0.4146667710031713
8585,0.39264863002528705
8586,0.4856879632193295
8587,0.4655890210227706
8588,0.4498679561438226
8589,0.41171037449512043
8590,0.33165269605237235
8591,0.3887718757385393
8592,0.4273911191957299
8593,0.4267346861978852
8594,0.4172690607170091
8595,0.4305475714108148
8596,0.431901954271582
8597,0.4471897817019173
8598,0.5630021701771802
8599,0.49805462620391017
8600,0.5777285128619811
8601,0.4955732577451172
8602,0.5788376581624644
8603,0.5575457741575852
8604,0.5121301470504327
8605,0.4928106025568719
8606,0.5170338801266857
8607,0.5629683685325368
8608,0.4802637306481323
8609,0.5331185102429242
8610,0.5903969878871755
8611,0.5357752801786634
8612,0.6340179789596029
8613,0.5079789220422
8614,0.4540135595627221
8615,0.48200044407509063
8616,0.5469184129476059
8617,0.49812095994022504
8618,0.5258315280795052
8619,0.5838631981725051
8620,0.5100040575661022
8621,0.5535140956493
8622,0.5417174285045196
8623,0.5394532170033334
8624,0.5165418477718569
8625,0.5073152932323879
8626,0.5539420677225803
8627,0.49630581769453547
8628,0.5077409134120573
8629,0.5266114264344947
8630,0.4986408933737898
8631,0.48099036791356037
8632,0.563905774522793
8633,0.49758247946436784
8634,0.5323315532233911
8635,0.5001085864308167
8636,0.5193043811300416
8637,0.5054502011344874
8638,0.5402239238149761
8639,0.6906157571502266
8640,0.546001618782573
8641,0.5239017768797786
8642,0.47754327933882457
8643,0.5607371087667058
8644,0.46590689219570514
8645,0.5280067673184816
8646,0.5833137527664773
8647,0.5509898899098049
8648,0.47633952607846036
8649,0.534601637483531
8650,0.517723178018792
8651,0.5689191852744222
8652,0.48707662935192814
8653,0.5714536288698104
8654,0.5456831522421213
8655,0.5236391775596032
8656,0.5116876997567598
8657,0.53285599849637
8658,0.6439881705700837
8659,0.5070100396463135
8660,0.48350635606945136
8661,0.5538858824571978
8662,0.5356091085422583
8663,0.5384296915211065
8664,0.40198788232508353
8665,0.401585288390592
8666,0.42177772540627556
8667,0.4411846508709244
8668,0.45386235713034073
8669,0.4162491350831093
8670,0.41767650881608237
8671,0.4070740347567161
8672,0.4711816623756363
8673,0.4124153267305199
8674,0.4154117581444727
8675,0.4279574929613846
8676,0.4577332819178262
8677,0.405371616627021
8678,0.4449353428307892
8679,0.41125916201095286
8680,0.4195655273050213
8681,0.4092509129635018
8682,0.4162440048542524
8683,0.42125049611561866
8684,0.47363928865757465
8685,0.39872230692081867
8686,0.40769919619293843
8687,0.40452618709515253
8688,0.4479880270767292
8689,0.4385890278965396
8690,0.4262004768065493
8691,0.4628115205249211
8692,0.41277235582847865
8693,0.44101703062310876
8694,0.4174911081108982
8695,0.41739336357355233
8696,0.40046642094558027
8697,0.46211292900290835
8698,0.46827648533263305
8699,0.47002263452825005
8700,0.40974961147435096
8701,0.43110120697623605
8702,0.45899260901348893
8703,0.43278113181203426
8704,0.4349124372751349
8705,0.41620799832837574
8706,0.39621182726882553
8707,0.5175298350381599
8708,0.4818267744573347
8709,0.41753812380985206
8710,0.45464339967190637
8711,0.41160424576502747
8712,0.4303692779613651
8713,0.42679699043526725
8714,0.42513989605525687
8715,0.42868092038847944
8716,0.4196831228702803
8717,0.44769772875265057
8718,0.43982439169569254
8719,0.4225810630587791
8720,0.439864740306595
8721,0.40123532373506793
8722,0.4423406528357012
8723,0.4275566141659507
8724,0.45073675334237917
8725,0.4066659725848215
8726,0.3894560644476885
8727,0.4427736361994003
8728,0.41714828197718307
8729,0.43833845351508954
8730,0.4462681512332353
8731,0.418535351831521
8732,0.45345876231943216
8733,0.46422830334501164
8734,0.4175368943576265
8735,0.4089351264994538
8736,0.42309501707024405
8737,0.4209336258815924
8738,0.4474033202413365
8739,0.4072764215489897
8740,0.4641916984953298
8741,0.4213310121497881
8742,0.4248424822150593
8743,0.435959172603949
8744,0.3980811266520204
8745,0.4116374024971269
8746,0.4397973129162907
8747,0.4541033531325147
8748,0.4493366124681125
8749,0.5107004586239703
8750,0.4713294413475135
8751,0.41086378251452416
8752,0.445853974677743
8753,0.47366886270557124
8754,0.4132860349719396
8755,0.4692792705481927
8756,0.44445405662719933
8757,0.4060457880573792
8758,0.42964607321923576
8759,0.43890784213229533
8760,0.39296228309924286
8761,0.43639050920422706
8762,0.4310616251473391
8763,0.41986950905095444
8764,0.4747624827731035
8765,0.45345329192848405
8766,0.43931818427251285
8767,0.4865527812091749
8768,0.46000605542704875
8769,0.46944647474974094
8770,0.47808912178035184
8771,0.479905385997256
8772,0.4748805825390441
8773,0.4647491064125511
8774,0.45103857471647185
8775,0.44656289067484733
8776,0.4712158462261229
8777,0.4340751984857847
8778,0.4719317876932857
8779,0.4771859317710256
8780,0.47396127794836046
8781,0.5280339690920245
8782,0.4574319285534428
8783,0.46658917503743097
8784,0.4854115141042454
8785,0.6997881391196545
8786,0.44669208866337484
8787,0.39033343226349515
8788,0.4304726412666072
8789,0.4010126957055158
8790,0.40912703260112865
8791,0.4105515177375503
8792,0.41231549755068236
8793,0.39387815129036946
8794,0.4274216040203069
8795,0.5865484729196663
8796,0.4332082650949242
8797,0.41092389727788003
8798,0.4551609205238094
8799,0.45598773602609477
8800,0.4466104638442851
8801,0.4260414248087645
8802,0.42310593334606417
8803,0.41788267429069825
8804,0.40563925061226713
8805,0.394020897099594
8806,0.39652670121569866
8807,0.44758677946808667
8808,0.4489370771561984
8809,0.46381706936422445
8810,0.41646778216530494
8811,0.4284423541017619
8812,0.41259367675046155
8813,0.43568638184660236
8814,0.4701935607972683
8815,0.3826819104845277
8816,0.4584544201168173
8817,0.39780681778425236
8818,0.5159916074042781
8819,0.5834906968729439
8820,0.5615516818907746
8821,0.48879874232252624
8822,0.4994213227687652
8823,0.5634190895835898
8824,0.4968217643003329
8825,0.5410502480525142
8826,0.5858423287409678
8827,0.5347967731572747
8828,0.5490160069570356
8829,0.5828636317806162
8830,0.5844115377801274
8831,0.539406053985145
8832,0.5293537292285543
8833,0.5396229632233671
8834,0.5057847290130995
8835,0.5513363699704705
8836,0.5581403108979364
8837,0.5048076728308728
8838,0.5206820177799737
8839,0.5419860046134672
8840,0.4856517811923719
8841,0.6027615203521325
8842,0.4883063160765405
8843,0.40835354852709693
8844,0.5291625307949488
8845,0.5174022556660035
8846,0.3998054109870126
8847,0.4297791079189306
8848,0.4238715150816624
8849,0.4607142150838796
8850,0.40670451196643936
8851,0.45972689447217946
8852,0.42980594639386976
8853,0.4123553710465079
8854,0.4214349844747332
8855,0.3663148718288017
8856,0.5081982157512662
8857,0.41387467512692633
8858,0.488057838353517
8859,0.5705598035976567
8860,0.5320357490983333
8861,0.4791906682036899
8862,0.5128756358368212
8863,0.5698026460824883
8864,0.5068909285871542
8865,0.5316362080618329
8866,0.5938739234098028
8867,0.5405188103721231
8868,0.5680913551354542
8869,0.5639406205820205
8870,0.5721097006150487
8871,0.5362380976796587
8872,0.5241384831138641
8873,0.5488751553686456
8874,0.5277463954900216
8875,0.5223960804936159
8876,0.6898286507897723
8877,0.5126699625082901
8878,0.5124695356579471
8879,0.5596325403512525
8880,0.5148922287038916
8881,0.4984674132851604
8882,0.47879940805909865
8883,0.5253719038764637
8884,0.5111609358962421
8885,0.49703845088973914
8886,0.4948088375711121
8887,0.4623075704398184
8888,0.6432833778426215
8889,0.5528729883015144
8890,0.4653050405493881
8891,0.47012328413044385
8892,0.5221564924069177
8893,0.558649893528565
8894,0.5725879156081095
8895,0.49563196936552145
8896,0.5183344483527964
8897,0.4705073821382439
8898,0.5709966268815098
8899,0.5128813315603065
8900,0.5338588771014489
8901,0.4713464431119887
8902,0.54194245674085
8903,0.486352566060079
8904,0.4329050584344487
8905,0.48881979563392636
8906,0.5521457775104014
8907,0.5914520409848701
8908,0.5907411564510817
8909,0.47844533153285795
8910,0.4620734953150008
8911,0.4828632540517258
8912,0.5118349727516873
8913,0.5548294284762818
8914,0.4599879885767302
8915,0.47719542782995644
8916,0.49585477879887047
8917,0.5583275976821603
8918,0.5014149427701655
8919,0.5485940667620273
8920,0.5862840154496269
8921,0.4830099938966646
8922,0.5375348523837953
8923,0.5637048516335869
8924,0.492426503754126
8925,0.4941633877218449
8926,0.5128190740297813
8927,0.5042538287294972
8928,0.8631287006497803
8929,0.5407932500525731
8930,0.5653599499423891
8931,0.5070485392936637
8932,0.5312355137058559
8933,0.5115938628221568
8934,0.7631129382734504
8935,0.545165111612647
8936,0.5106135188340513
8937,0.592337242624585
8938,0.5227538391419336
8939,0.7203028115551109
8940,0.39864643406400235
8941,0.40414087827975304
8942,0.43080258414038886
8943,0.41799722088841257
8944,0.4277982680388362
8945,0.44127655415250694
8946,0.39988932256479615
8947,0.45105041034160204
8948,0.41757294068246026
8949,0.3865537367714581
8950,0.445481514396247
8951,0.4149662726992458
8952,0.4703338352380201
8953,0.44132483696348684
8954,0.380938882541531
8955,0.4228859962947637
8956,0.44244563850802643
8957,0.4394503331999552
8958,0.4262294393051931
8959,0.42956950531058463
8960,0.42073488336467707
8961,0.41327601891150423
8962,0.4577789694030869
8963,0.41585342071525827
8964,0.41588489785200783
8965,0.41596989463153816
8966,0.42528353657683426
8967,0.44438262853763794
8968,0.3996308056562965
8969,0.39627906603529867
8970,0.4480041137195951
8971,0.4309806315422096
8972,0.45598087501073475
8973,0.42954526534009135
8974,0.4157422862093834
8975,0.42263460857453766
8976,0.4254689966374287
8977,0.437765663633109
8978,0.42428691628347065
8979,0.4336760264870088
8980,0.4554947897069193
8981,0.4500102854928232
8982,0.41450406541139706
8983,0.44535461971833484
8984,0.45441146083672546
8985,0.37394462804474404
8986,0.4277919545325189
8987,0.42455888083502913
8988,0.40947793127239723
8989,0.4838012111971616
8990,0.4202832816600195
8991,0.38433144896538984
8992,0.43771878209601434
8993,0.41657025984407775
8994,0.4380024042351988
8995,0.43138711590306056
8996,0.4630634216748795
8997,0.4579303676922693
8998,0.40606894535544635
8999,0.4393807945027703
9000,0.40101576269547706
9001,0.4459420551019372
9002,0.4266432646147265
9003,0.44174074330105556
9004,0.4430641313494719
9005,0.39574148305284146
9006,0.4750881398273205
9007,0.41435411126735805
9008,0.4548055453086919
9009,0.4105507786786413
9010,0.4162877126695106
9011,0.4019027169637915
9012,0.46599346504882605
9013,0.45017778054090735
9014,0.44578168776626953
9015,0.4709902439891177
9016,0.43879992465942996
9017,0.5031997897321466
9018,0.4462609084790748
9019,0.4194197654342187
9020,0.44954164422252535
9021,0.3953529984105862
9022,0.43509937914301977
9023,0.45301276933676987
9024,0.43323567292180276
9025,0.4454129913650016
9026,0.4506924719980154
9027,0.4376188260545895
9028,0.4182668100989431
9029,0.41821801968840006
9030,0.4482311020451476
9031,0.456919102780399
9032,0.4525453824512458
9033,0.43343285278086224
9034,0.4248766545956661
9035,0.4198265589241261
9036,0.4585028495364883
9037,0.43191438307689106
9038,0.46173939062856745
9039,0.4417868749952965
9040,0.45426829695483184
9041,0.4820094677367608
9042,0.4529411562528788
9043,0.47586803058373744
9044,0.4814674266603771
9045,0.4576341656101259
9046,0.48215320448839427
9047,0.45760916726133016
9048,0.44966119918240055
9049,0.45942572154710537
9050,0.48010260165408325
9051,0.45243751702697493
9052,0.4472326175315147
9053,0.48904927503021783
9054,0.4651898250078567
9055,0.49425938487514576
9056,0.43600006010910275
9057,0.45580877606364956
9058,0.47339136336982246
9059,0.4678247348686644
9060,0.4004680765041946
9061,0.40644822455179885
9062,0.4184065396824908
9063,0.4502843757383341
9064,0.42089717338244365
9065,0.43964090123408217
9066,0.44950976066047826
9067,0.4788863871417164
9068,0.39825850035623744
9069,0.42309718831549586
9070,0.4041570405253628
9071,0.39109779946190426
9072,0.4092345633289958
9073,0.4329815029514317
9074,0.4893515667069462
9075,0.4496606330124228
9076,0.4195653302772228
9077,0.4050114462947414
9078,0.47132314442763834
9079,0.4430749571879419
9080,0.40201949912638
9081,0.39665658746961596
9082,0.4451330997613729
9083,0.44791881853171805
9084,0.4353810592620572
9085,0.3653438432190578
9086,0.458396221698409
9087,0.43612911301888535
9088,0.4437244847073618
9089,0.4211148325776784
9090,0.49916919586013103
9091,0.5291739614683321
9092,0.5726942351404263
9093,0.5248780068358141
9094,0.5185410446844307
9095,0.505064128455183
9096,0.5061503826585066
9097,0.6460766855151784
9098,0.574691345786167
9099,0.5013602948255056
9100,0.5187923243421287
9101,0.550395039728267
9102,0.5838962722328236
9103,0.6175162720665333
9104,0.5168281566526453
9105,0.5039265797986204
9106,0.5135715009540482
9107,0.4504611576279029
9108,0.42530618777048057
9109,0.4286446787024774
9110,0.4287632054929963
9111,0.4001622194995871
9112,0.3932113577046309
9113,0.4071752288104467
9114,0.5087391286199371
9115,0.43911316613017204
9116,0.45120742795262153
9117,0.43215039428197466
9118,0.4060838641460038
9119,0.4463886740940302
9120,0.41785587362799015
9121,0.3770298117093146
9122,0.4261897784549702
9123,0.4242448947222539
9124,0.46042947170907816
9125,0.45250752606939304
9126,0.364242853330511
9127,0.4181101613753567
9128,0.46878946863353854
9129,0.4216762344532147
9130,0.4443273144326717
9131,0.5203492407109066
9132,0.4971804493800399
9133,0.5585168235816562
9134,0.512226292631855
9135,0.49294024400329733
9136,0.5168735392831176
9137,0.5014654923243018
9138,0.6390713746000398
9139,0.5712047365095767
9140,0.5229502704875919
9141,0.4947064715023128
9142,0.5393657436799923
9143,0.5687739951787858
9144,0.7614567588175147
9145,0.5296561614757692
9146,0.4888011093377603
9147,0.5890576585262989
9148,0.4957944066229004
9149,0.7155121704740657
9150,0.5197042443371371
9151,0.5200936887887679
9152,0.49584764983377705
9153,0.4629904919631587
9154,0.541334745667878
9155,0.47629769931537885
9156,0.47563632116958454
9157,0.48387906827875127
9158,0.4967644064902609
9159,0.4630966032709227
9160,0.47887315658490504
9161,0.5629907782749496
9162,0.5323484817028119
9163,0.5714735340912784
9164,0.49403862579919905
9165,0.5673028579227982
9166,0.5447806923867125
9167,0.6386629861598525
9168,0.5144633065183295
9169,0.5511673856404148
9170,0.48563205270082643
9171,0.5095205676230289
9172,0.5046217758417134
9173,0.45587567612960617
9174,0.4837187739078
9175,0.4986539149486998
9176,0.5498811306491752
9177,0.5205172572143271
9178,0.8701790640812092
9179,0.5516417749793336
9180,0.5727885675778406
9181,0.4871415408396156
9182,0.4931506386394101
9183,0.47291676454515447
9184,0.5044880433652037
9185,0.5975399665548646
9186,0.4531780775893059
9187,0.4615559972963474
9188,0.49953635858306816
9189,0.5469608039672011
9190,0.5154085632231888
9191,0.5719250150250433
9192,0.4567814544980324
9193,0.4856197662785088
9194,0.48700598319758204
9195,0.5382785877596657
9196,0.5225610604211459
9197,0.544488847408163
9198,0.46243495469793383
9199,0.44426013741874465
9200,0.42515571468550023
9201,0.4375066164387339
9202,0.45668179267526887
9203,0.4197206584837848
9204,0.42464587302256573
9205,0.4114755980543902
9206,0.4392608907177319
9207,0.4288567952369586
9208,0.44539245277216266
9209,0.44752157343064186
9210,0.4272540249548008
9211,0.448052552782182
9212,0.40813390383392967
9213,0.4410374222617551
9214,0.4178683937824341
9215,0.4148855765737297
9216,0.42031550024437636
9217,0.4479191233648209
9218,0.42952229909371836
9219,0.4164282557406112
9220,0.421405834175148
9221,0.4382660614295508
9222,0.4421138603443786
9223,0.44131000887854244
9224,0.45224152985239063
9225,0.391237389342758
9226,0.5071711208136477
9227,0.436576741731976
9228,0.4735820352857121
9229,0.4219418337348344
9230,0.5079501563199538
9231,0.47238155784933156
9232,0.4352431524402205
9233,0.4663781502625576
9234,0.4824919427927988
9235,0.4490176632148082
9236,0.46250358141127323
9237,0.40097731372127743
9238,0.44657931880633367
9239,0.4578370935330917
9240,0.4075643063221307
9241,0.44850789819445475
9242,0.47827356331496845
9243,0.4072390473234085
9244,0.4297869108560078
9245,0.40824038215508823
9246,0.4798987846859964
9247,0.4136952464448446
9248,0.44712556069525583
9249,0.4045646893978487
9250,0.43662687271304085
9251,0.40662413678176784
9252,0.46834532316252747
9253,0.4471382583982869
9254,0.4427391868052205
9255,0.463235951299338
9256,0.4420181203455457
9257,0.45998301459921115
9258,0.4744553902522446
9259,0.4180806952014385
9260,0.45276945048447337
9261,0.5219745254221453
9262,0.41763916741455115
9263,0.4268026317311909
9264,0.4097829732930166
9265,0.4215497696601938
9266,0.40385966119334743
9267,0.42119080057187963
9268,0.41684794739958375
9269,0.4216309275023069
9270,0.4576041756309373
9271,0.4035356839947968
9272,0.40176802191801303
9273,0.4048651324849857
9274,0.41371239110529345
9275,0.4156648848795114
9276,0.4367470178931605
9277,0.44622381295203645
9278,0.4248569164193311
9279,0.43787792100967254
9280,0.3933914917322789
9281,0.44273480889891964
9282,0.4401568895812735
9283,0.41652000222204605
9284,0.40605750449626055
9285,0.4642692514062391
9286,0.43553487553462333
9287,0.42396648106678075
9288,0.4183823883626131
9289,0.5503061385974454
9290,0.5878832750126277
9291,0.404424967831007
9292,0.4351529869343186
9293,0.41539002986662765
9294,0.45815208855910056
9295,0.42758834441328447
9296,0.47483736487093386
9297,0.4289625199418004
9298,0.4212281463718889
9299,0.41170926062507046
9300,0.4099546422148296
9301,0.4183675718345551
9302,0.42304090126483085
9303,0.4342769282440071
9304,0.47781993740112044
9305,0.44584158088941234
9306,0.42989545514987104
9307,0.4402645453026898
9308,0.4775608677210538
9309,0.41515892320646386
9310,0.4376678934992642
9311,0.3952975241790504
9312,0.4435423071073885
9313,0.48582788180942804
9314,0.43081064054856777
9315,0.47321863018787347
9316,0.5265025830197402
9317,0.4540799643786503
9318,0.4832063010117407
9319,0.4598518245596531
9320,0.4543102098706275
9321,0.4421063924930366
9322,0.43521320837498734
9323,0.4808510317222666
9324,0.48135941762074236
9325,0.4852485428828616
9326,0.4703433425008762
9327,0.45033152425605133
9328,0.4747021954001597
9329,0.4780538148589033
9330,0.48420698992996364
9331,0.45792845148095623
9332,0.45456299225095115
9333,0.4719522845592553
9334,0.4299396915255377
9335,0.4520523624843481
9336,0.42697602631968296
9337,0.4458820329194477
9338,0.4561655376131289
9339,0.4392643621616387
9340,0.4099592144245069
9341,0.4102046353399647
9342,0.4442165399061482
9343,0.4051700440236707
9344,0.41695342816564007
9345,0.41703951180031457
9346,0.3934171782076468
9347,0.39822116752860365
9348,0.4022477010192861
9349,0.48825304682461845
9350,0.5418563925394027
9351,0.5116523628688854
9352,0.5007657846899762
9353,0.5705642344479329
9354,0.5130421394407516
9355,0.515045553033154
9356,0.5110588802336826
9357,0.49266423755192645
9358,0.49594237536988606
9359,0.5032093685439476
9360,0.5445302040654328
9361,0.5132577951090541
9362,0.5757734905285136
9363,0.4911499572069545
9364,0.5737453744555598
9365,0.42052062394581347
9366,0.43780528830322696
9367,0.41724799299198184
9368,0.44318687007813207
9369,0.422764861230776
9370,0.4340478349824352
9371,0.45582085727204524
9372,0.42364034687969243
9373,0.46938054127205175
9374,0.407775169796124
9375,0.4134697573206419
9376,0.42570162457711275
9377,0.4315139613724783
9378,0.4122705636602679
9379,0.4696577757150253
9380,0.42417183998974284
9381,0.3957257961354365
9382,0.4473661042348375
9383,0.43915156439478265
9384,0.4418880229733191
9385,0.4076205353569846
9386,0.4171031081063068
9387,0.6945258373849094
9388,0.3996896875285019
9389,0.4546977780209279
9390,0.415259730352924
9391,0.4175932492481064
9392,0.43899153827731174
9393,0.4258963997961208
9394,0.4013410765210013
9395,0.36122353231958526
9396,0.4976385840292523
9397,0.523662105188919
9398,0.5323861805036996
9399,0.5010398884715271
9400,0.5819933607987362
9401,0.5200309247308947
9402,0.5072836893981326
9403,0.5194325192558458
9404,0.5094575388031136
9405,0.48482129139842434
9406,0.5077647768475309
9407,0.5480519944764684
9408,0.5338048446549791
9409,0.5959012062593173
9410,0.5020867208790467
9411,0.5624790521369714
9412,0.5346572236943414
9413,0.4967658535905531
9414,0.5197417109249908
9415,0.5274523098875133
9416,0.5487708891822083
9417,0.5441338529517982
9418,0.5025082892542743
9419,0.5547624287365516
9420,0.4994370420155502
9421,0.5098237887904583
9422,0.8275985845698516
9423,0.6982992560419767
9424,0.5545016365364963
9425,0.5272529916508255
9426,0.5622768175961793
9427,0.5170032262809693
9428,0.5061761111496891
9429,0.5948310993093944
9430,0.5378713034683883
9431,0.4844212500514005
9432,0.4708487413627687
9433,0.48773617013721593
9434,0.5742438340585396
9435,0.7595056241653716
9436,0.4926427071075401
9437,0.5080685487179081
9438,0.7089142400925448
9439,0.6018228137043832
9440,0.546444412414164
9441,0.5010498625478196
9442,0.5725261945737108
9443,0.5861366688884464
9444,0.5314344401322405
9445,0.4683717052335173
9446,0.5380608512760224
9447,0.466300018979047
9448,0.5457763738940679
9449,0.5898867248232629
9450,0.5631250441061049
9451,0.471424646030538
9452,0.5883003050259585
9453,0.5402901881958825
9454,0.534334652305321
9455,0.532603227853305
9456,0.5342496654567783
9457,0.49846963429893626
9458,0.5378304789037531
9459,0.49601416907367635
9460,0.5114079478846432
9461,0.4681595107249884
9462,0.485841081917465
9463,0.466868271215573
9464,0.4650364268279838
9465,0.47822427282083535
9466,0.4746713142018198
9467,0.4516357678284608
9468,0.45449105872999296
9469,0.4687763678833772
9470,0.5238060989071252
9471,0.4559779682218474
9472,0.4328421808227362
9473,0.41266285465389835
9474,0.4240632672549919
9475,0.4078071961183922
9476,0.43133404649170043
9477,0.4182409022732381
9478,0.4212994117987277
9479,0.45438931272951244
9480,0.4298643457772808
9481,0.43444381254012027
9482,0.436357138417925
9483,0.4032096016389142
9484,0.4396916538419336
9485,0.4507594590080815
9486,0.4431451517810168
9487,0.3941682025557372
9488,0.44006931352575906
9489,0.40115949165102716
9490,0.4476320277823081
9491,0.4060052942047336
9492,0.4160860088802077
9493,0.4152589556112355
9494,0.4605112025544105
9495,0.4235102520639586
9496,0.4125347183856217
9497,0.4267563658098787
9498,0.4409779883790425
9499,0.4510595572803815
9500,0.43032962286469584
9501,0.39904527978433524
9502,0.40616231893128724
9503,0.4247594653865108
9504,0.44372602706811176
9505,0.4429348862407562
9506,0.43016776869033485
9507,0.41673536304051145
9508,0.4578367014702985
9509,0.4304151806680684
9510,0.4094522936644062
9511,0.411925729228067
9512,0.4226322699869148
9513,0.412291522720402
9514,0.44732998343847075
9515,0.4323220780135654
9516,0.40383492092132234
9517,0.43027111261774237
9518,0.384657045598486
9519,0.4184027406677213
9520,0.37852251965653105
9521,0.40934019095466345
9522,0.4384898578655116
9523,0.4155095413300458
9524,0.41118117302728
9525,0.4382348641918805
9526,0.4615954225229231
9527,0.4416779744478941
9528,0.40718327213451044
9529,0.47337481270440707
9530,0.6180886252461509
9531,0.403865444643549
9532,0.40322306245936895
9533,0.42095665349252864
9534,0.45291187525615306
9535,0.43668079207620814
9536,0.4273905813754963
9537,0.3828914148511013
9538,0.45018092837871937
9539,0.4144216778282201
9540,0.47618981695441154
9541,0.41003456744905237
9542,0.41629861096839205
9543,0.5360490463618229
9544,0.436057113686438
9545,0.40814871908037775
9546,0.4038499282699121
9547,0.40054931247356645
9548,0.41802614747116884
9549,0.3925421647248024
9550,0.4326202972292699
9551,0.4553649548296431
9552,0.46985304313319337
9553,0.4618707480659767
9554,0.3898762170760526
9555,0.39917319256137906
9556,0.417345979974133
9557,0.44266232892424395
9558,0.5525774801857406
9559,0.43605926368484643
9560,0.4167211630674168
9561,0.4469679456093598
9562,0.4447498194317325
9563,0.45292355227350495
9564,0.41096640210133106
9565,0.4403572592669971
9566,0.4347147498580969
9567,0.4192343971068935
9568,0.4359613541287542
9569,0.41511987588256744
9570,0.4518683323832521
9571,0.4463838892626829
9572,0.45019713567594777
9573,0.5389031441482622
9574,0.4094073661134657
9575,0.4563810017288335
9576,0.4664253115116043
9577,0.5839647430950883
9578,0.3920865411869223
9579,0.4191072141986162
9580,0.4456321006906616
9581,0.43713847839567016
9582,0.4600546070490967
9583,0.42916617140316726
9584,0.4262923455622479
9585,0.4713336478709402
9586,0.47454776984303504
9587,0.4838389796554339
9588,0.47238212379041494
9589,0.44505068692469985
9590,0.447914190004378
9591,0.4435054340212647
9592,0.4770437233725515
9593,0.4635259990577902
9594,0.4728589151066317
9595,0.4811626900452056
9596,0.4638679986228436
9597,0.4594414472487897
9598,0.47955565069355466
9599,0.49555249585801187
9600,0.44114788761732654
9601,0.4693742070986262
9602,0.4441972561657703
9603,0.43614763083195135
9604,0.4854961288006298
9605,0.48464466982903376
9606,0.47954810364149286
9607,0.4741932255756214
9608,0.4175394109557876
9609,0.4589010757107448
9610,0.43002060758068456
9611,0.45788277387583554
9612,0.44762279549338957
9613,0.4522915103444224
9614,0.4412164036553493
9615,0.40763180452884196
9616,0.4036845455952114
9617,0.43416343151726
9618,0.45291034314551376
9619,0.4448878810922449
9620,0.5120547038015273
9621,0.4007552765055665
9622,0.40945688205666964
9623,0.3999725445526525
9624,0.50749912383976
9625,0.5448926960371295
9626,0.538139702019073
9627,0.5476711162348036
9628,0.5553190480741589
9629,0.48811818054332756
9630,0.548565202423223
9631,0.48802456344545386
9632,0.5279248857334584
9633,0.8398463915683161
9634,0.7258676867336311
9635,0.505806689779201
9636,0.510171619009681
9637,0.586803214143622
9638,0.5457700771373061
9639,0.3988352321718242
9640,0.45874633131191606
9641,0.4405717974131725
9642,0.4374200102287142
9643,0.4414838807714269
9644,0.43573759074501556
9645,0.42402567671565555
9646,0.43830766197314547
9647,0.424082805872653
9648,0.4470308443782668
9649,0.5568699895579146
9650,0.5262609216988007
9651,0.4233796404954786
9652,0.6291081248923358
9653,0.40106385022819513
9654,0.5012163440052484
9655,0.5067342650637207
9656,0.5262136678069943
9657,0.5073227165275553
9658,0.559206115541742
9659,0.5667941551894435
9660,0.5336776874874887
9661,0.5468848213460997
9662,0.49080217686952404
9663,0.505358090861541
9664,0.8410790956961546
9665,0.7076643008406743
9666,0.5149904909575984
9667,0.5360983530883535
9668,0.5482818714043649
9669,0.5187204394529799
9670,0.5225627825070568
9671,0.5761956660678186
9672,0.5201511268780582
9673,0.5359794107227517
9674,0.5424680094876442
9675,0.5109908503911619
9676,0.5335539906392129
9677,0.5041495713407134
9678,0.5206529083302004
9679,0.5141547516048631
9680,0.5276025592376757
9681,0.5084929754282735
9682,0.5854490050672292
9683,0.5237505510433729
9684,0.5758172648141502
9685,0.47406464211505767
9686,0.49920486860921837
9687,0.5825114760726321
9688,0.5887067343982284
9689,0.5143170226788288
9690,0.4870629322158314
9691,0.5999823688173708
9692,0.5297556841759931
9693,0.5053883063136442
9694,0.5450780875257019
9695,0.5055170853712166
9696,0.5288995827811019
9697,0.5460306409744822
9698,0.4958811824924611
9699,0.5938194682199482
9700,0.49287076982780886
9701,0.5370726531881539
9702,0.47667029290689605
9703,0.4892555741315203
9704,0.4997284954824335
9705,0.497741809133485
9706,0.5329756992808111
9707,0.46650371732051654
9708,0.514275978021812
9709,0.5261282764277244
9710,0.6046545898743801
9711,0.482840288805721
9712,0.5997206906269263
9713,0.46532858624719103
9714,0.5444969510095039
9715,0.4855055065430199
9716,0.46340536471955235
9717,0.4142676901966189
9718,0.46042035645544677
9719,0.44636713139337053
9720,0.43326804787102363
9721,0.4294772776729025
9722,0.4124044920328566
9723,0.5416684319934252
9724,0.440044777453551
9725,0.4548430852220871
9726,0.47253268258798947
9727,0.5003127481124418
9728,0.4692280585040219
9729,0.45528099022072727
9730,0.4451014751635157
9731,0.4346107320405073
9732,0.46440786833359293
9733,0.47376050601049424
9734,0.49320107830270066
9735,0.44169928275979353
9736,0.4925852793347524
9737,0.47998984476014234
9738,0.44057841000999776
9739,0.4431598908877225
9740,0.4416032174496166
9741,0.42664310406315026
9742,0.4474843753533319
9743,0.43690947623365917
9744,0.45954856538061606
9745,0.44727941189603376
9746,0.4245207886998681
9747,0.4101766745540175
9748,0.43247624070080626
9749,0.40718087484730064
9750,0.43072771610254407
9751,0.43059107515795153
9752,0.41124440105832405
9753,0.4376240685134486
9754,0.3991086859820832
9755,0.4395158184920504
9756,0.4281307966701312
9757,0.4262824365951236
9758,0.47359953646597647
9759,0.40054316987397504
9760,0.42150535349813667
9761,0.45001853793528046
9762,0.42692337358001053
9763,0.43503151380450894
9764,0.45913238170889054
9765,0.3966225688826729
9766,0.42074313126857055
9767,0.40845826938680585
9768,0.48396303621345493
9769,0.49142415704740205
9770,0.46971706198318963
9771,0.38382582703925183
9772,0.4012299458387292
9773,0.4284051805792578
9774,0.4405122296751121
9775,0.45260282018564674
9776,0.42919051884385906
9777,0.4041582130250829
9778,0.4428716900917796
9779,0.4404108889070634
9780,0.4777071699195171
9781,0.46122614252195787
9782,0.4189667466217721
9783,0.41001105854861886
9784,0.4319987958884147
9785,0.45813742882341096
9786,0.4032308175257209
9787,0.4273225872510351
9788,0.40103996456210333
9789,0.4123656484516484
9790,0.4387836490291762
9791,0.41147062755588026
9792,0.4290516439362326
9793,0.45073855892776543
9794,0.4228989397302294
9795,0.41845018760739594
9796,0.43353671794005944
9797,0.4198105822809904
9798,0.4289579682520221
9799,0.44667674995235224
9800,0.4176395156390117
9801,0.4275972547171265
9802,0.43087979507380053
9803,0.6798057907948827
9804,0.4558310381253913
9805,0.4341230707628039
9806,0.4092097492331488
9807,0.4170307586851617
9808,0.4209084667069253
9809,0.46110287823841767
9810,0.4394819609189369
9811,0.42936425390347377
9812,0.4501420475305604
9813,0.42476267587592936
9814,0.42688205332634915
9815,0.42873268872204007
9816,0.45564869131904534
9817,0.4197298514405899
9818,0.5623871881849153
9819,0.39366476108977116
9820,0.43343667037954986
9821,0.41082747127167685
9822,0.4190546915957574
9823,0.41539648364065757
9824,0.48713785750253236
9825,0.4268200206215741
9826,0.42336825583798565
9827,0.41424299858921276
9828,0.4514083580323949
9829,0.46254218725544294
9830,0.5905437817664052
9831,0.413517577727604
9832,0.43528226132133
9833,0.5035727087324793
9834,0.455208416886449
9835,0.44786207485231977
9836,0.45380287752326137
9837,0.40959708579099674
9838,0.4771600216434295
9839,0.4468051447412425
9840,0.4347583028106503
9841,0.4152492015196615
9842,0.44878772639924014
9843,0.42577517388459385
9844,0.4665908875624528
9845,0.4227720667846794
9846,0.41672281100581454
9847,0.46210915028344135
9848,0.4167920502088097
9849,0.39545160178906646
9850,0.4970054630821011
9851,0.4271978554855555
9852,0.4197442087518811
9853,0.44806902613741073
9854,0.463345163623506
9855,0.4391301099914584
9856,0.4489287169124736
9857,0.4237590294536218
9858,0.4835637483190368
9859,0.43737629385247995
9860,0.44388922227259414
9861,0.4655484630409734
9862,0.4392129421982666
9863,0.4570896436347663
9864,0.46256849240741654
9865,0.4824206802582544
9866,0.5206824217049122
9867,0.44736463390591996
9868,0.44995701757574574
9869,0.46146443789673897
9870,0.4554490023443519
9871,0.46397577859736744
9872,0.4615204849363601
9873,0.43394783626555095
9874,0.4795079605623464
9875,0.43808113924918374
9876,0.44305841332593715
9877,0.46443319156230883
9878,0.4776392684001528
9879,0.5755835299278959
9880,0.5178721682139831
9881,0.4625229682863667
9882,0.5216646427882222
9883,0.527823477023246
9884,0.5215270387383932
9885,0.4934211026255453
9886,0.5130863371547839
9887,0.49155693718838883
9888,0.5341336595469991
9889,0.504895461355823
9890,0.5808191925416152
9891,0.4280866579619018
9892,0.6401681293012788
9893,0.3876674775351607
9894,0.46334624903075444
9895,0.45035321738061856
9896,0.4134473734368359
9897,0.4322932026341806
9898,0.42787896717864937
9899,0.43784797365599937
9900,0.4223307361153317
9901,0.3961016598617062
9902,0.388983255813132
9903,0.40936559050425586
9904,0.40458374382328816
9905,0.39532348893888136
9906,0.41736557910983907
9907,0.428690603063863
9908,0.446531292915198
9909,0.5783414623125726
9910,0.4998917630024065
9911,0.5256309893724366
9912,0.5398529150717883
9913,0.4973290238682353
9914,0.5080691522079842
9915,0.6256204776668143
9916,0.5440768765127463
9917,0.4995013286620652
9918,0.5562207579774483
9919,0.5300771825610054
9920,0.5022623051750938
9921,0.49952451953957017
9922,0.5540523171719324
9923,0.5202097525536159
9924,0.5285404315169961
9925,0.49184989350431796
9926,0.5020873748627307
9927,0.5346562601310879
9928,0.5151640191498066
9929,0.5000458002429738
9930,0.5004365432648639
9931,0.5471842299908493
9932,0.5362732257205203
9933,0.5904093676603054
9934,0.5449003712263287
9935,0.5776721580058729
9936,0.5095923597203665
9937,0.5850331792861398
9938,0.4768873041147156
9939,0.5394305583108535
9940,0.6018082247801706
9941,0.524559312484002
9942,0.523827659110198
9943,0.5819490682792827
9944,0.49072190267032617
9945,0.5158439472186788
9946,0.688279882546626
9947,0.5188485553978998
9948,0.5526569365184296
9949,0.597702871768928
9950,0.5086425858154054
9951,0.5475841748562384
9952,0.5098269485585479
9953,0.5422137399394007
9954,0.5848035232026197
9955,0.49213462088806337
9956,0.568378923846652
9957,0.513739141368044
9958,0.5356332017862886
9959,0.5555386154591241
9960,0.5361614710977054
9961,0.5259580134508557
9962,0.5517838462707423
9963,0.5558632827586993
9964,0.5194139957354214
9965,0.7188039621429101
9966,0.5215226610313011
9967,0.5024869385058214
9968,0.4668832076316329
9969,0.4091886220552034
9970,0.39533929470348944
9971,0.4440135713040866
9972,0.4191693927001518
9973,0.40535491286643793
9974,0.48328316621970246
9975,0.47533516762047334
9976,0.42191002876887806
9977,0.42032377663293496
9978,0.4306048561188467
9979,0.3970902689870105
9980,0.454442279208461
9981,0.42106458349505826
9982,0.42269096498794584
9983,0.4285842737187516
9984,0.4511934288148795
9985,0.4584974479726463
9986,0.45128942621596435
9987,0.4443605317894426
9988,0.45512064150919335
9989,0.43847046025757885
9990,0.44226181455239305
9991,0.41970001526578127
9992,0.43649965144640246
9993,0.44970271444774085
9994,0.521292759176841
9995,0.4279004410242581
9996,0.4781654346039723
9997,0.4622060488834247
9998,0.4548043514379159
9999,0.47333380382813234
10000,0.4317109611998283
10001,0.46868002265887376
10002,0.4822120629442886
10003,0.4553040366813833
10004,0.4924474255614135
10005,0.4403487946339423
10006,0.4522784882915858
10007,0.45590009073672944
10008,0.45273255224238246
10009,0.4541788750668344
10010,0.4575782118844191
10011,0.4548981609921185
10012,0.46398412502136877
10013,0.4732404563352388
10014,0.46647744345945374
10015,0.4603995450164817
10016,0.48644553947449776
10017,0.4575572124730016
10018,0.4880045645687299
10019,0.4482135612494548
10020,0.41900401946279486
10021,0.41893682149008304
10022,0.4566125113976611
10023,0.39313090412438023
10024,0.4300727338876267
10025,0.45141440012858336
10026,0.4360938830543549
10027,0.4502547073144719
10028,0.4410584824025367
10029,0.4678016638146749
10030,0.42004717935554264
10031,0.4155984522173832
10032,0.4203966282674714
10033,0.42067153199712615
10034,0.4149977071041187
10035,0.4244841430319163
10036,0.44207864974110783
10037,0.4641881182547767
10038,0.5202076744039327
10039,0.42390386363076343
10040,0.4438260564862976
10041,0.4233181704288059
10042,0.4148257532730508
10043,0.41738658008133694
10044,0.4309955879305073
10045,0.4700339215346176
10046,0.4552420011176981
10047,0.39331030490800856
10048,0.44376600906909214
10049,0.4054915144554486
10050,0.5496207641918026
10051,0.4054587177394074
10052,0.48334715116949956
10053,0.3555067847607748
10054,0.4417750045390678
10055,0.4109090516819301
10056,0.46231969871544665
10057,0.43330649927239173
10058,0.3957413032368558
10059,0.4116694414403391
10060,0.42838202241767537
10061,0.42908805753568435
10062,0.4117723626883643
10063,0.42147613090296415
10064,0.45957342405518464
10065,0.4220023132612152
10066,0.40435224048826895
10067,0.4192397568268122
10068,0.4486629597254496
10069,0.4326461698279578
10070,0.4374576718130061
10071,0.4000860883060569
10072,0.4575414327811018
10073,0.42200768105544506
10074,0.4417489526978039
10075,0.4458907251146682
10076,0.43045662646311017
10077,0.433075299322946
10078,0.40757118447471175
10079,0.4641140922670733
10080,0.504844992070529
10081,0.4353045943894419
10082,0.4111759442036985
10083,0.4673310550342535
10084,0.4397529259656171
10085,0.46277126799082713
10086,0.43921631126983457
10087,0.4541894720877754
10088,0.4153822394115585
10089,0.5243033941388465
10090,0.42558756395594977
10091,0.4472734679742217
10092,0.4064986357111608
10093,0.4276463906352559
10094,0.4108044024113613
10095,0.522550813849962
10096,0.4483592852104066
10097,0.41904084373038875
10098,0.4337700700950602
10099,0.4125450433185683
10100,0.43248091027380686
10101,0.4279966806947472
10102,0.4053524540817996
10103,0.4161284683951865
10104,0.39712101038327285
10105,0.44823815467229855
10106,0.49531991233741335
10107,0.4048939740832932
10108,0.42699709377397216
10109,0.45207650401215627
10110,0.5340779641917737
10111,0.4386654131379596
10112,0.47710640546878225
10113,0.41407990189491534
10114,0.48204600803328207
10115,0.41984210685446505
10116,0.45345460694601014
10117,0.4340058716259266
10118,0.44218701171940916
10119,0.4247610352113704
10120,0.44953553744232905
10121,0.45418585638764764
10122,0.44013130758532054
10123,0.42668447608808047
10124,0.48304682542487964
10125,0.42757735176350603
10126,0.4052370525666586
10127,0.4772330947497086
10128,0.4418220048142277
10129,0.4551070314279525
10130,0.47261182580731115
10131,0.4402372126851143
10132,0.4333786663398878
10133,0.4286760013317117
10134,0.45832960248452753
10135,0.4736896977341263
10136,0.44958956616718593
10137,0.43073788786665784
10138,0.4813935676486207
10139,0.4593501993647503
10140,0.5415980460533822
10141,0.5045744244216869
10142,0.5100921257152832
10143,0.4797590896389975
10144,0.5235276689217637
10145,0.5358427103504959
10146,0.4778677325418212
10147,0.4965683264123663
10148,0.4625904093564207
10149,0.5162492237911409
10150,0.5142115642807978
10151,0.6633913175268422
10152,0.5242859795566815
10153,0.5322900080397063
10154,0.5015232364128375
10155,0.4521997159659487
10156,0.4763857588287918
10157,0.45620841786234295
10158,0.5081830978277344
10159,0.450797926778245
10160,0.435264138321262
10161,0.4887083318807797
10162,0.40473364415450624
10163,0.4132206172724621
10164,0.4476728975272551
10165,0.4206725551331752
10166,0.4805587101538623
10167,0.4620820691085567
10168,0.4273198738286497
10169,0.4296078033750205
10170,0.4571872598097829
10171,0.4069705520501609
10172,0.42318193520874897
10173,0.43838397325973993
10174,0.39938644511534055
10175,0.436964847036939
10176,0.4035823607199173
10177,0.49963836634485675
10178,0.5045756054102182
10179,0.5673736192401839
10180,0.49130425101180536
10181,0.5460455084213169
10182,0.47679526727035076
10183,0.5048239687981978
10184,0.5588803669860346
10185,0.5272881598276834
10186,0.4961995269231724
10187,0.49958912744275497
10188,0.5433359368514493
10189,0.5436462956379537
10190,0.5703831721350671
10191,0.5283803661925275
10192,0.5027841443594703
10193,0.7022866519251857
10194,0.5290497724908639
10195,0.5186856919490355
10196,0.5656366516036018
10197,0.5283437881409411
10198,0.5320499236689253
10199,0.5570018411796176
10200,0.5518687850960997
10201,0.5064339342417109
10202,0.5047153837775183
10203,0.561024579063617
10204,0.5211736330011886
10205,0.5564532813074269
10206,0.5486317601067127
10207,0.5761603444863441
10208,0.5462022643008917
10209,0.5496463501659288
10210,0.7321081935450396
10211,0.5312056928247082
10212,0.5450572951033475
10213,0.5403425707507356
10214,0.5052803162311446
10215,0.5611970196431014
10216,0.5746211123906073
10217,0.5180055632445241
10218,0.5477006703837545
10219,0.5302587908586097
10220,0.5458835373073901
10221,0.5540898211310306
10222,0.5846370418922905
10223,0.5943586480958083
10224,0.5369513330918523
10225,0.6172108669515851
10226,0.5670611920716295
10227,0.5018967941968379
10228,0.4516350615198201
10229,0.4323486947219774
10230,0.44951329934296247
10231,0.42812565258787055
10232,0.4316642750139344
10233,0.40542538482343676
10234,0.4093164634813983
10235,0.45259684790789323
10236,0.41101727043448844
10237,0.4085157137396417
10238,0.4285433657969794
10239,0.5334200743918276
10240,0.44184047022344636
10241,0.40594534692375034
10242,0.44537303993470073
10243,0.41176584504381986
10244,0.40473430177391106
10245,0.46992486352162466
10246,0.44766732260318026
10247,0.4780872992119201
10248,0.42073220785219406
10249,0.41566863021608325
10250,0.439130795984108
10251,0.4183286856356669
10252,0.43704503132498496
10253,0.4282892581586183
10254,0.449162022034563
10255,0.4450139880921792
10256,0.41770673874671493
10257,0.42468511568412687
10258,0.4607999897085686
10259,0.4242374256186934
10260,0.42477661818130635
10261,0.4652470252519827
10262,0.4211905020596204
10263,0.4152062383193477
10264,0.4237737403170353
10265,0.42405786384654715
10266,0.4761506761455015
10267,0.440736529406481
10268,0.41388270231445357
10269,0.43943728938222043
10270,0.4034563426636539
10271,0.4706129104173847
10272,0.44959232657369913
10273,0.47087779857132384
10274,0.4536738255048873
10275,0.4736627628392081
10276,0.449225224269631
10277,0.46621980033380017
10278,0.459860250895915
10279,0.4694309586828691
10280,0.4551374380346266
10281,0.47595957082858026
10282,0.45432648468461967
10283,0.49731080398710586
10284,0.436477306164241
10285,0.45157620070629745
10286,0.4982603382918839
10287,0.46182816598457394
10288,0.4508261346447233
10289,0.48752271457881396
10290,0.4580528276791908
10291,0.46761395089229696
10292,0.43633599789410027
10293,0.3860781014026033
10294,0.42092604976207
10295,0.43839550450400133
10296,0.4818028862351516
10297,0.45154343454921336
10298,0.4164592276366383
10299,0.4708551769040148
10300,0.4548534730348786
10301,0.3971229709308169
10302,0.4266670760342665
10303,0.41769899604908656
10304,0.43318840865320896
10305,0.42669544818429855
10306,0.4212476246016832
10307,0.405503054189958
10308,0.40999850202325233
10309,0.41412565965210885
10310,0.4055570541715296
10311,0.41075072716107613
10312,0.4119795121598075
10313,0.4534789772151774
10314,0.4249553444489331
10315,0.4037002082381646
10316,0.41709574095617813
10317,0.39663758308711683
10318,0.5265841099286936
10319,0.45751148414830645
10320,0.42128688898094796
10321,0.4501537852973549
10322,0.4204955957845542
10323,0.4350837578415319
10324,0.4516397585734793
10325,0.4248370814583641
10326,0.40450578356311423
10327,0.4148206489822313
10328,0.40406477329692964
10329,0.41483308234965677
10330,0.39366604473043054
10331,0.4290542971164305
10332,0.43448153285218716
10333,0.4560846856547913
10334,0.3968420937991906
10335,0.4121132772134068
10336,0.4297112308786541
10337,0.46920233965736535
10338,0.4089444108382327
10339,0.44251893190671304
10340,0.4290981880469454
10341,0.46266288532558353
10342,0.416469105489136
10343,0.40230423869834986
10344,0.42759840530062665
10345,0.4112689653125187
10346,0.56367715381719
10347,0.4259790571766921
10348,0.4544102480183782
10349,0.4485631833001561
10350,0.42093969468145337
10351,0.4610685732049897
10352,0.4282874546951623
10353,0.38135763236891185
10354,0.40739694409026056
10355,0.40449909609013507
10356,0.4144584952549039
10357,0.4574502632925126
10358,0.4534914183270439
10359,0.43794822390193705
10360,0.41503971509596654
10361,0.4166798003771075
10362,0.43539528717988385
10363,0.42423640611348723
10364,0.4042177502362302
10365,0.45877544858521385
10366,0.4458764875936415
10367,0.4147453161715749
10368,0.4765865301490718
10369,0.4128337268810777
10370,0.41869163431760303
10371,0.43189303940289475
10372,0.4263709140833363
10373,0.4458280193862968
10374,0.41472141201350393
10375,0.4220400671645147
10376,0.4652151192469105
10377,0.41024886458510224
10378,0.42147449484754196
10379,0.4397965584124548
10380,0.3925615045006334
10381,0.4827382757153569
10382,0.4502990456839297
10383,0.4210390351276289
10384,0.44563777881279487
10385,0.4658318187411985
10386,0.46572179846987793
10387,0.42606910965958944
10388,0.42613129931772453
10389,0.4233530505516466
10390,0.4090926000322536
10391,0.4314308820719381
10392,0.4217295050634118
10393,0.46456365229983215
10394,0.4524421970252201
10395,0.39140150883741776
10396,0.44282462166377606
10397,0.44677188170826926
10398,0.43795447588157255
10399,0.40580311382175627
10400,0.40523586003035983
10401,0.4371666274678367
10402,0.41330976715476747
10403,0.43659947698924956
10404,0.5403020976900893
10405,0.553960022556613
10406,0.5056814521822816
10407,0.5530585107039829
10408,0.5648593425562702
10409,0.4791683114002019
10410,0.497819048684128
10411,0.5822422466645779
10412,0.4930100955101583
10413,0.49940743102652396
10414,0.5466983941070396
10415,0.5601166842882388
10416,0.5301541623608376
10417,0.5167727373794084
10418,0.7293137696648626
10419,0.5343625912202451
10420,0.457341515003655
10421,0.4707567642920694
10422,0.4623261264106768
10423,0.4858998613377014
10424,0.45983480874851546
10425,0.48979414774277463
10426,0.46277904755148336
10427,0.48652226177256613
10428,0.43967535175468275
10429,0.4534057812084715
10430,0.4453630032646066
10431,0.40874450576373095
10432,0.40859525993712176
10433,0.4338376480972263
10434,0.38279247363279345
10435,0.4607718655827091
10436,0.41984994088616273
10437,0.45320692183784
10438,0.35715184406085576
10439,0.3482359911317187
10440,0.4666802632974994
10441,0.42898806279889934
10442,0.4388627354034758
10443,0.5543847226093136
10444,0.533766425473441
10445,0.5247533492115065
10446,0.5389762445688516
10447,0.5641705035519913
10448,0.5101225540356341
10449,0.49263713327588526
10450,0.5871128463109458
10451,0.5144230082123852
10452,0.5497912307727029
10453,0.5453796360952846
10454,0.5699898196309429
10455,0.5237040044764864
10456,0.5406264241398813
10457,0.6033448417026471
10458,0.564521436017011
10459,0.5856961225737072
10460,0.7551579730499335
10461,0.5664345624551795
10462,0.5343014023414427
10463,0.5667257088052904
10464,0.5191824322692479
10465,0.5720003941041432
10466,0.5301675788657417
10467,0.531337585901699
10468,0.5217833044181323
10469,0.5319866647623077
10470,0.5524607457060101
10471,0.5644275912616366
10472,0.57409199534005
10473,0.586274381048106
10474,0.5267236100395886
10475,0.6357649193681696
10476,0.5624020000848928
10477,0.5929905326766824
10478,0.538559676929977
10479,0.659364928439151
10480,0.5697455968147213
10481,0.5643552587838854
10482,0.5272735194580106
10483,0.5295391665607561
10484,0.5588153436251831
10485,0.5912664502894952
10486,0.5549282762139228
10487,0.6171173841126959
10488,0.5222938349639704
10489,0.4368217790655434
10490,0.5041339809693107
10491,0.39004093969815407
10492,0.44363537065569847
10493,0.41661421395752085
10494,0.4156708095516153
10495,0.4159519974769814
10496,0.4093842678474467
10497,0.4222231691463404
10498,0.4303044568548397
10499,0.45258507408330473
10500,0.4109423565903999
10501,0.43970889804681884
10502,0.4289869793866777
10503,0.42949816676312
10504,0.48920989505449636
10505,0.4540058805755627
10506,0.4138113946659991
10507,0.4287958629621774
10508,0.3987131741364502
10509,0.3983433380407309
10510,0.4517652026800983
10511,0.4233457102260888
10512,0.40453603637446267
10513,0.4201706781691009
10514,0.39836294918709997
10515,0.4197181762354647
10516,0.46190289633066045
10517,0.4401597357617754
10518,0.46487173347069594
10519,0.4062937796731451
10520,0.4444000683993318
10521,0.41012661433017605
10522,0.41172594364633214
10523,0.4656764619878652
10524,0.46413781158608947
10525,0.4425435765708423
10526,0.4124522466508316
10527,0.3943945786265122
10528,0.4724411208340666
10529,0.44946976813282963
10530,0.4161733778436212
10531,0.4908944404142896
10532,0.4637007518479574
10533,0.4779646637048346
10534,0.4119234223342729
10535,0.4954525564233992
10536,0.4246580237295097
10537,0.43675414957764974
10538,0.4258639814779825
10539,0.39152212748009624
10540,0.4193335464223899
10541,0.4584197897925599
10542,0.4401779707808506
10543,0.46137829504932654
10544,0.4212062443510111
10545,0.44953804424093624
10546,0.47853794978250364
10547,0.4667839878960853
10548,0.4773604214546051
10549,0.46848820557137955
10550,0.4704107157191855
10551,0.48381907339365443
10552,0.5009617877962925
10553,0.45764714667376616
10554,0.4811148692115658
10555,0.4806675883970261
10556,0.46153245943674165
10557,0.45109381896016554
10558,0.5334937115831304
10559,0.4842266044944117
10560,0.4426515836223833
10561,0.4584921199230459
10562,0.43492741823979614
10563,0.46827865076046665
10564,0.47924875657488397
10565,0.457199691797588
10566,0.45126479566359357
10567,0.4398971438636036
10568,0.42828956059778056
10569,0.42434500983476425
10570,0.41435702821967396
10571,0.45104267146146665
10572,0.39359180282840894
10573,0.3954623990169377
10574,0.3930760139445279
10575,0.3878965657850631
10576,0.4118285528127766
10577,0.4149358652393831
10578,0.4187052281038158
10579,0.43490219781644396
10580,0.4041233274906983
10581,0.4199264605059009
10582,0.7065503011684336
10583,0.5710895004751999
10584,0.398436635691897
10585,0.44219139345237896
10586,0.5043330316255343
10587,0.42819517169835425
10588,0.41860781479264836
10589,0.41970646606842404
10590,0.41174080491476545
10591,0.4494615523254391
10592,0.42222317120338865
10593,0.4383624180725798
10594,0.40262153502480397
10595,0.4041075032216652
10596,0.4171732310528413
10597,0.42151942657511543
10598,0.4532099784114264
10599,0.40173264775620204
10600,0.4139796949895501
10601,0.4382624545136257
10602,0.4090008752232476
10603,0.41888640426959717
10604,0.4489895752319376
10605,0.42762727785992605
10606,0.4474654785011802
10607,0.43614436306575693
10608,0.43801303782809436
10609,0.4198217560646187
10610,0.44623987905090134
10611,0.42563641038443273
10612,0.4493371863464311
10613,0.5963301792467438
10614,0.43546860778053387
10615,0.4774209311070125
10616,0.3931759475688991
10617,0.4184825058222175
10618,0.4230653677004801
10619,0.455711074436847
10620,0.44054786423262615
10621,0.4218658855080247
10622,0.4573138843000275
10623,0.446784215063837
10624,0.4634049325506978
10625,0.437825228094105
10626,0.4269390833053225
10627,0.42212233788324505
10628,0.4521375845698637
10629,0.4273883136111064
10630,0.462336156519916
10631,0.3902032500838664
10632,0.4364298078043942
10633,0.4507386466114566
10634,0.44353830423438007
10635,0.4392914436124595
10636,0.3905731374880574
10637,0.4754344417317088
10638,0.44435633414224956
10639,0.42123107706125573
10640,0.417661407612092
10641,0.42684443321845333
10642,0.4057344821000599
10643,0.4281410760065612
10644,0.4639093284179097
10645,0.42290457948500665
10646,0.4489358961431441
10647,0.4092543295949277
10648,0.3641658993745743
10649,0.3464434026657037
10650,0.43977124029138814
10651,0.4393393719130508
10652,0.4202919181782761
10653,0.3999708280247638
10654,0.4025647952962665
10655,0.4389474681540573
10656,0.5596412989204934
10657,0.7371550819276859
10658,0.5778012185775291
10659,0.542399186555961
10660,0.5479395682515781
10661,0.5021568111155622
10662,0.5338386830209889
10663,0.5194747223871283
10664,0.5347244819013098
10665,0.5285249233783577
10666,0.5403567031239153
10667,0.5644114469664512
10668,0.5379029477046126
10669,0.5708501838490171
10670,0.5950048695610202
10671,0.5048362280780907
10672,0.620890838682126
10673,0.5549028779949221
10674,0.5898758678493212
10675,0.4144121992208239
10676,0.45575984117280893
10677,0.43734080262755753
10678,0.43495420645497906
10679,0.442320335550795
10680,0.4034629570963915
10681,0.48000835087052246
10682,0.4708615432411504
10683,0.4570147509785117
10684,0.44907058912713976
10685,0.45335107505232985
10686,0.46054630761082926
10687,0.49540008516937034
10688,0.46750830875558186
10689,0.45450616531383903
10690,0.4734957877590732
10691,0.45950604510278675
10692,0.42167023672507337
10693,0.4494880897090986
10694,0.44862689788468746
10695,0.4571061253808154
10696,0.4552430850919622
10697,0.46017900272596163
10698,0.4509907284095572
10699,0.4894193701751765
10700,0.5419737783140743
10701,0.7075416129898501
10702,0.5631207461423946
10703,0.5259776192901119
10704,0.5461199067277878
10705,0.5459085841530245
10706,0.5523484689272027
10707,0.5306036543754462
10708,0.5374513109161349
10709,0.522215644003812
10710,0.5243088017475914
10711,0.5725185922885119
10712,0.5632182644012119
10713,0.5646242912450048
10714,0.5826262151459232
10715,0.5243976311056244
10716,0.5331417018872355
10717,0.5822501986233696
10718,0.597356093439075
10719,0.5255424279714027
10720,0.5932190519396411
10721,0.5566687716796025
10722,0.5508908145076371
10723,0.6302272151491299
10724,0.598761070784393
10725,0.5787654376206922
10726,0.5374388021872316
10727,0.5809036408731064
10728,0.591493269488392
10729,0.6009439942271473
10730,0.5556474619879626
10731,0.5724825773496951
10732,0.5605714000612033
10733,0.5475555607916179
10734,0.5337266572840068
10735,0.5284732445817453
10736,0.5722376556440324
10737,0.519596411805585
10738,0.5705412053295382
10739,0.573555551102869
10740,0.5380271741251077
10741,0.7218402975347707
10742,0.5950547041899096
10743,0.585189856578564
10744,0.5353936109955789
10745,0.5412580832786391
10746,0.5426325919101218
10747,0.5902936571644731
10748,0.5792233099300022
10749,0.5406127536391739
10750,0.8495503872292195
10751,0.578198734332554
10752,0.5510061908245258
10753,0.5203482065117963
10754,0.558330823323326
10755,0.5353207349208271
10756,0.5296938985658846
10757,0.7296799137732952
10758,0.5294863376660793
10759,0.5642905040874137
10760,0.5473976427253878
10761,0.6055235279897198
10762,0.5858503278668198
10763,0.5249253285275686
10764,0.5189661122511388
10765,0.5452262993241137
10766,0.5345523890287391
10767,0.5218682786668655
10768,0.5685698970414533
10769,0.5637677104854439
10770,0.5692531479859616
10771,0.5641116810069142
10772,0.5454756866865688
10773,0.577158883895471
10774,0.591233599149118
10775,0.5669567667140581
10776,0.6641482738450002
10777,0.5834362530104741
10778,0.5420794817263713
10779,0.5598060359532175
10780,0.5192771073440582
10781,0.5826304952664776
10782,0.5666431724801126
10783,0.7634659725862488
10784,0.520378912491611
10785,0.7411434377453807
10786,0.5281996018483247
10787,0.5873340547038046
10788,0.8692928321887017
10789,0.5734103620841763
10790,0.8210992991972117
10791,0.5850350201083371
10792,0.5489626119874296
10793,0.6686870444662557
10794,0.6125847614423123
10795,0.5650914355327388
10796,0.5728157947465267
10797,0.6902613739271709
10798,0.5674883658765095
10799,0.5465154411388428
10800,0.5732124849956575
10801,0.5350549075699291
10802,0.5388841741145229
10803,0.5681541602102731
10804,0.514098482642223
10805,0.5454617529897536
10806,0.5075624450055086
10807,0.5397199059238864
10808,0.5595708244102819
10809,0.7088666813755434
10810,0.6045775682222463
10811,0.464198193612869
10812,0.4464484749962859
10813,0.4212728432405012
10814,0.4101216497316418
10815,0.41301496210765754
10816,0.43421798893222796
10817,0.4186859670332651
10818,0.43271018557459984
10819,0.5058194251579177
10820,0.47647110325774544
10821,0.45758572360753547
10822,0.45650675491591336
10823,0.4618659539661116
10824,0.4663305985716984
10825,0.4924119700223172
10826,0.48619392647322146
10827,0.45062774134694483
10828,0.5020129412383263
10829,0.4622351813741396
10830,0.45856295150826615
10831,0.4812520658542966
10832,0.45640261213337496
10833,0.44721184928616403
10834,0.49386503357536116
10835,0.4588825748919912
10836,0.4531492961223104
10837,0.48161916840451074
10838,0.45004573298548134
10839,0.42984180609655553
10840,0.4673546351044125
10841,0.41244423242234296
10842,0.4115258209926994
10843,0.4393498197349317
10844,0.40930386524012413
10845,0.45579001935754204
10846,0.4552550397651934
10847,0.40581987884856163
10848,0.4093477200895625
10849,0.3941965988023447
10850,0.42327610593108844
10851,0.4028846469201167
10852,0.43611938880581963
10853,0.48543302376939923
10854,0.4411548194454731
10855,0.44799472813115915
10856,0.40868331817093984
10857,0.42357701093987454
10858,0.475128017762426
10859,0.40432403086515517
10860,0.45888606423731026
10861,0.4677426363208887
10862,0.4103296977630407
10863,0.4509217047247265
10864,0.4458498483507237
10865,0.43772104504488585
10866,0.4124109596232438
10867,0.4263692435762701
10868,0.4136881496123319
10869,0.416256633958476
10870,0.4119560700552922
10871,0.4192368896049714
10872,0.40592942418034134
10873,0.4318741127186023
10874,0.40254877867632927
10875,0.39126069881735276
10876,0.4352302603831298
10877,0.4314511228066048
10878,0.4157784515066862
10879,0.4438507056561518
10880,0.4430059761787555
10881,0.4414984545068561
10882,0.4176154625284026
10883,0.44240765148428624
10884,0.420111771679677
10885,0.5303215630109673
10886,0.48337487167971616
10887,0.4249849085660768
10888,0.43361122633656823
10889,0.43211154176465383
10890,0.4409197866123132
10891,0.571253993539379
10892,0.4188404162862233
10893,0.3982168296016715
10894,0.4612589657382937
10895,0.4471227241221385
10896,0.4710724585687614
10897,0.40555773419106306
10898,0.4403753920308378
10899,0.40922414484736513
10900,0.42984039624683973
10901,0.44535687783920463
10902,0.42278758032433783
10903,0.4420236249365492
10904,0.4458571978433815
10905,0.4294293580590741
10906,0.40988356591472797
10907,0.44322575581774337
10908,0.48601607593759977
10909,0.4039371094030176
10910,0.43007246373316277
10911,0.4488545825463207
10912,0.39146300689489444
10913,0.44101632967407073
10914,0.38125945931287475
10915,0.4316588928117339
10916,0.3916449603013585
10917,0.5758566481685968
10918,0.5984911729807182
10919,0.5534441525337707
10920,0.5959316042525445
10921,0.5621733634315024
10922,0.5521444929352336
10923,0.6326575643945962
10924,0.5903612763282057
10925,0.5827247299844529
10926,0.5215077717607606
10927,0.5909808118630555
10928,0.6676308640240641
10929,0.5945248669973558
10930,0.5503202234281354
10931,0.5884096834774442
10932,0.5473976427253878
10933,0.5545587926353531
10934,0.5342685837986111
10935,0.5014075657257051
10936,0.5679497336267582
10937,0.5226643502043239
10938,0.5513740625070828
10939,0.574120376370439
10940,0.520802402551236
10941,0.7062554130701969
10942,0.571229564075152
10943,0.5951386973831155
10944,0.5071691494695031
10945,0.5374355321618741
10946,0.5345947686773642
10947,0.5353783051949839
10948,0.5609408808675356
10949,0.5497547545179959
10950,0.8524536692575736
10951,0.5800883490549754
10952,0.5455663429435295
10953,0.5182892558026221
10954,0.565008050765842
10955,0.4363636375702401
10956,0.47370677764758257
10957,0.484124046057396
10958,0.46214041061505967
10959,0.45416058537994086
10960,0.389495880959948
10961,0.48647187886230686
10962,0.46586569173289
10963,0.4745343086151338
10964,0.4933270091662417
10965,0.5606160420822219
10966,0.6029839103943438
10967,0.5042465130724183
10968,0.5892831394785248
10969,0.560062314905211
10970,0.5317324752631493
10971,0.6095991891324112
10972,0.5587917006707925
10973,0.5542438626482602
10974,0.517286720966322
10975,0.5638379097376248
10976,0.5656171353804723
10977,0.5820769083410053
10978,0.5490102733884307
10979,0.5793742212362964
10980,0.5579173491938991
10981,0.5654236682978553
10982,0.5266592963475268
10983,0.5076391201486928
10984,0.5924436341528577
10985,0.540545595280814
10986,0.5354858267676795
10987,0.5621555854784912
10988,0.5351083322711001
10989,0.7185137422819405
10990,0.5878683304865983
10991,0.6007943743080223
10992,0.5214319056024435
10993,0.5575244063325691
10994,0.5408292744630298
10995,0.5745488874596285
10996,0.5690659309207635
10997,0.5418916445350612
10998,0.5864621393564827
10999,0.7364013818941844
